{
 "n": 22544,
 "abstentions": 14269,
 "matrice_confusion_fusion": [
  [
   9344,
   81,
   259,
   17,
   10
  ],
  [
   1484,
   5893,
   83,
   0,
   0
  ],
  [
   265,
   166,
   1990,
   0,
   0
  ],
  [
   1775,
   0,
   92,
   1012,
   6
  ],
  [
   39,
   0,
   0,
   1,
   27
  ]
 ],
 "resultats": {
  "r\u00e8gles seules": [
   0.6272622427253371,
   0.7796309439318666,
   0.6288475025325333,
   0.021110081351045206
  ],
  "IA seule": [
   0.7645936834634492,
   0.7767476933995742,
   0.62978259175563,
   0.02903923385851097
  ],
  "fusion (simulation)": [
   0.8102377572746629,
   0.8256742370475515,
   0.7223564248422037,
   0.037792194418700444
  ]
 },
 "colonnes": [
  "exactitude_5_classes",
  "exactitude_binaire",
  "rappel",
  "taux_fp"
 ],
 "ecart_max_reference": 0.0
}