{
 "n": 22544,
 "abstentions": 14754,
 "matrice_confusion_fusion": [
  [
   9402,
   81,
   208,
   11,
   9
  ],
  [
   1509,
   5871,
   80,
   0,
   0
  ],
  [
   268,
   166,
   1987,
   0,
   0
  ],
  [
   2323,
   0,
   50,
   503,
   9
  ],
  [
   52,
   0,
   0,
   0,
   15
  ]
 ],
 "resultats": {
  "r\u00e8gles seules": [
   0.6062810503903477,
   0.7585610361958836,
   0.5914439336086652,
   0.020595201318092886
  ],
  "IA seule": [
   0.7645936834634492,
   0.7767476933995742,
   0.62978259175563,
   0.02903923385851097
  ],
  "fusion (simulation)": [
   0.7885911994322214,
   0.8021202980837473,
   0.6764591288085405,
   0.031819586036453504
  ]
 },
 "colonnes": [
  "exactitude_5_classes",
  "exactitude_binaire",
  "rappel",
  "taux_fp"
 ],
 "ecart_max_reference": 0.0005148800329523237
}