{
 "eq": {
  "acc_train": 0.9937208766957999,
  "acc_test": 0.7645936834634492
 },
 "noeq": {
  "acc_train": 0.9950148047597501,
  "acc_test": 0.752528388928318
 }
}