{
 "regles": {
  "exactitude_5_classes": 0.6272622427253371,
  "exactitude_binaire": 0.7796309439318666,
  "rappel": 0.6288475025325333,
  "taux_fp": 0.021110081351045206,
  "rappel_par_classe": [
   0.9788899186489548,
   0.2899463806970509,
   0.6158612143742255,
   0.33240901213171575,
   0.3283582089552239
  ],
  "matrice": [
   [
    9506,
    44,
    116,
    44,
    1
   ],
   [
    2106,
    2163,
    3191,
    0,
    0
   ],
   [
    764,
    166,
    1491,
    0,
    0
   ],
   [
    1850,
    0,
    74,
    959,
    2
   ],
   [
    43,
    0,
    0,
    2,
    22
   ]
  ]
 },
 "ia": {
  "exactitude_5_classes": 0.7645936834634492,
  "exactitude_binaire": 0.7767476933995742,
  "rappel": 0.62978259175563,
  "taux_fp": 0.02903923385851097,
  "rappel_par_classe": [
   0.9709607661414891,
   0.7683646112600536,
   0.6703841387856257,
   0.15285961871750434,
   0.1791044776119403
  ],
  "matrice": [
   [
    9429,
    67,
    196,
    9,
    10
   ],
   [
    1659,
    5732,
    69,
    0,
    0
   ],
   [
    633,
    165,
    1623,
    0,
    0
   ],
   [
    2404,
    0,
    31,
    441,
    9
   ],
   [
    55,
    0,
    0,
    0,
    12
   ]
  ]
 },
 "fusion": {
  "exactitude_5_classes": 0.8102377572746629,
  "exactitude_binaire": 0.8256742370475515,
  "rappel": 0.7223564248422037,
  "taux_fp": 0.037792194418700444,
  "rappel_par_classe": [
   0.9622078055812996,
   0.7899463806970509,
   0.8219743907476249,
   0.35077989601386483,
   0.40298507462686567
  ],
  "matrice": [
   [
    9344,
    81,
    259,
    17,
    10
   ],
   [
    1484,
    5893,
    83,
    0,
    0
   ],
   [
    265,
    166,
    1990,
    0,
    0
   ],
   [
    1775,
    0,
    92,
    1012,
    6
   ],
   [
    39,
    0,
    0,
    1,
    27
   ]
  ]
 },
 "meta": {
  "n": 22544,
  "poids_ia": 0.35,
  "abstentions": 14269,
  "taux_abstention": 0.6329400283889283,
  "base_regles": "v4 \u2014 RM1-RM11, confiances = pr\u00e9cision train, poids_ia=0.35"
 }
}