{
 "regles": {
  "exactitude_5_classes": 0.6062810503903477,
  "exactitude_binaire": 0.7585610361958836,
  "rappel": 0.5914439336086652,
  "taux_fp": 0.020595201318092886,
  "rappel_par_classe": [
   0.9794047986819071,
   0.2899463806970509,
   0.6158612143742255,
   0.16880415944540728,
   0.23880597014925373
  ],
  "matrice": [
   [
    9511,
    44,
    116,
    40,
    0
   ],
   [
    2106,
    2163,
    3191,
    0,
    0
   ],
   [
    764,
    166,
    1491,
    0,
    0
   ],
   [
    2322,
    0,
    74,
    487,
    2
   ],
   [
    51,
    0,
    0,
    0,
    16
   ]
  ]
 },
 "ia": {
  "exactitude_5_classes": 0.7645936834634492,
  "exactitude_binaire": 0.7767476933995742,
  "rappel": 0.62978259175563,
  "taux_fp": 0.02903923385851097,
  "rappel_par_classe": [
   0.9709607661414891,
   0.7683646112600536,
   0.6703841387856257,
   0.15285961871750434,
   0.1791044776119403
  ],
  "matrice": [
   [
    9429,
    67,
    196,
    9,
    10
   ],
   [
    1659,
    5732,
    69,
    0,
    0
   ],
   [
    633,
    165,
    1623,
    0,
    0
   ],
   [
    2404,
    0,
    31,
    441,
    9
   ],
   [
    55,
    0,
    0,
    0,
    12
   ]
  ]
 },
 "fusion": {
  "exactitude_5_classes": 0.788458126330731,
  "exactitude_binaire": 0.8021646557842441,
  "rappel": 0.6769266734200888,
  "taux_fp": 0.03233446606940583,
  "rappel_par_classe": [
   0.9676655339305942,
   0.7869973190348526,
   0.8207352333746386,
   0.17504332755632582,
   0.22388059701492538
  ],
  "matrice": [
   [
    9397,
    81,
    212,
    11,
    10
   ],
   [
    1509,
    5871,
    80,
    0,
    0
   ],
   [
    268,
    166,
    1987,
    0,
    0
   ],
   [
    2317,
    0,
    54,
    505,
    9
   ],
   [
    52,
    0,
    0,
    0,
    15
   ]
  ]
 },
 "meta": {
  "n": 22544,
  "poids_ia": 0.5,
  "abstentions": 14754,
  "taux_abstention": 0.6544535131298793,
  "base_regles": "v3 \u2014 confiances = pr\u00e9cision mesur\u00e9e sur le train"
 }
}